-- MySQL dump 10.13  Distrib 8.0.36, for Linux (x86_64)
--
-- Host: agenciaboz.com.br    Database: loucaselisas
-- ------------------------------------------------------
-- Server version	5.5.5-10.3.39-MariaDB-0ubuntu0.20.04.2

/*!40101 SET @OLD_CHARACTER_SET_CLIENT=@@CHARACTER_SET_CLIENT */;
/*!40101 SET @OLD_CHARACTER_SET_RESULTS=@@CHARACTER_SET_RESULTS */;
/*!40101 SET @OLD_COLLATION_CONNECTION=@@COLLATION_CONNECTION */;
/*!50503 SET NAMES utf8mb4 */;
/*!40103 SET @OLD_TIME_ZONE=@@TIME_ZONE */;
/*!40103 SET TIME_ZONE='+00:00' */;
/*!40014 SET @OLD_UNIQUE_CHECKS=@@UNIQUE_CHECKS, UNIQUE_CHECKS=0 */;
/*!40014 SET @OLD_FOREIGN_KEY_CHECKS=@@FOREIGN_KEY_CHECKS, FOREIGN_KEY_CHECKS=0 */;
/*!40101 SET @OLD_SQL_MODE=@@SQL_MODE, SQL_MODE='NO_AUTO_VALUE_ON_ZERO' */;
/*!40111 SET @OLD_SQL_NOTES=@@SQL_NOTES, SQL_NOTES=0 */;

--
-- Dumping data for table `Category`
--

LOCK TABLES `Category` WRITE;
/*!40000 ALTER TABLE `Category` DISABLE KEYS */;
INSERT INTO `Category` (`id`, `cover`, `name`) VALUES ('29383f7d8f36','','Categoria 1'),('29383f7d8f37','','Categoria 2'),('29383f7d8f38','','Categoria 3'),('29383f7d8f39','','Categoria 4');
/*!40000 ALTER TABLE `Category` ENABLE KEYS */;
UNLOCK TABLES;

--
-- Dumping data for table `Chat`
--

LOCK TABLES `Chat` WRITE;
/*!40000 ALTER TABLE `Chat` DISABLE KEYS */;
INSERT INTO `Chat` (`id`, `course_id`, `description`, `media_id`) VALUES ('0ff431affd1','c0ff431affd',NULL,'ff431affd10'),('1067e28b98c','d1067e28b98',NULL,'067e28b98c3'),('1affd1067e2','31affd1067e',NULL,'affd1067e28'),('28b98c32c64','e28b98c32c6',NULL,'8b98c32c640'),('4041517cb81','64041517cb8',NULL,'041517cb811'),('426c2cbdd88','2426c2cbdd8',NULL,'26c2cbdd88c'),('537e7b73afd','b537e7b73af',NULL,'37e7b73afd7'),('a6b9c0ff431','8a6b9c0ff43',NULL,'6b9c0ff431a'),('c32c6404151','8c32c640415',NULL,'32c64041517');
/*!40000 ALTER TABLE `Chat` ENABLE KEYS */;
UNLOCK TABLES;

--
-- Dumping data for table `ContractLogs`
--

LOCK TABLES `ContractLogs` WRITE;
/*!40000 ALTER TABLE `ContractLogs` DISABLE KEYS */;
INSERT INTO `ContractLogs` (`id`, `start_date`, `end_date`, `paid`, `user_id`, `plan_id`) VALUES (1,'1713078377490','1744614377490',0,'bb17036e7b8',1),(2,'1713078380955','1744614380955',199.99,'bb17036e7b8',2),(3,'1713078383305','1744614383305',0,'bb17036e7b8',1),(4,'1713182423563','1744718423563',199.99,'bb17036e7b8',2),(5,'1713182427251','1744718427251',0,'bb17036e7b8',1),(6,'1713266012979','1744802012979',0,'2f413a52a07',1),(7,'1713266040754','1744802040754',199.99,'2f413a52a07',2),(8,'1713268345775','1744804345775',199.99,'bb17036e7b8',2),(11,'1713279663860','1744815663860',0,'2f413a52a07',1),(12,'1713279669888','1744815669888',199.99,'2f413a52a07',2),(13,'1713280381270','1744816381270',0,'2f413a52a07',1),(14,'1713280386479','1744816386479',199.99,'2f413a52a07',2),(15,'1713362527729','1744898527729',0,'bb17036e7b8',1),(17,'1714151956183','1745687956183',199.99,'b9d0afd9874',2),(18,'1714154873835','1745690873835',199.99,'bb17036e7b8',2),(19,'1714154883239','1745690883239',0,'bb17036e7b8',1);
/*!40000 ALTER TABLE `ContractLogs` ENABLE KEYS */;
UNLOCK TABLES;

--
-- Dumping data for table `Course`
--

LOCK TABLES `Course` WRITE;
/*!40000 ALTER TABLE `Course` DISABLE KEYS */;
INSERT INTO `Course` (`id`, `cover`, `description`, `gallery_id`, `language`, `name`, `owner_id`, `published`, `recorder`, `chat_id`, `price`, `cover_type`, `status`, `declined_reason`) VALUES ('2426c2cbdd8','https://app.agencyboz.com:4112/static/courses/2426c2cbdd8/144ab64c-59ff-4284-a5a8-0cf7d1aacacd.png','Esse tutorial vai te mostrar o poder escondido do arco e flecha! Você acha que sabe usá-lo? Pois assista a essa aula e você vai ver como que um PRO usa o arco!','532426c2cbd','pt-br','Como usar arco e flecha no Minecraft!','cf1e8a6b9c0','1714152572739','Minecrafters',NULL,0.99,'image','pending',NULL),('31affd1067e','https://app.agencyboz.com:4112/static/courses/31affd1067e/9ce443d2-3e5d-474b-9b04-41a2d3515304.jpeg','Descubra como construir aplicações web modernas e escaláveis neste curso intensivo de 90 horas. Você aprenderá React, TypeScript e Material-UI (MUI) através de aulas detalhadas e a implementação de 6 projetos práticos. O curso é projetado para desenvolvedores que desejam aprimorar suas habilidades em tecnologias front-end avançadas.','f431affd106','pt-br','Domínio React: TypeScript e Material-UI em 90 Horas','7cf1e8a6b9c','1714147908499','',NULL,500,'image','declined','testando a função de motivo'),('64041517cb8','https://app.agencyboz.com:4112/static/courses/64041517cb8/40df90b0-6466-439f-8342-64149831b73a.jpeg','Este curso de 30 horas é perfeito para desenvolvedores que desejam aprender a utilizar o Figma para design de interfaces. Com foco em funcionalidades essenciais e integração eficiente com o desenvolvimento web, os participantes criarão 3 projetos práticos, dominando as ferramentas e técnicas para produzir designs modernos e funcionais.','2c64041517c','pt-br','Design de Interface com Figma para Desenvolvedores','7cf1e8a6b9c','1714149299157','',NULL,250,'image','pending',NULL),('8a6b9c0ff43','https://app.agencyboz.com:4112/static/courses/8a6b9c0ff43/926c61fa-99b6-4197-80dd-67c7b57ee00f.png','Tutorial de como matar o boss final, o ENDERDRAGON!!!','e8a6b9c0ff4','pt-br','Como matar o enderdragon','cf1e8a6b9c0','1714146004788','Minecrafters',NULL,0.99,'image','pending',NULL),('8c32c640415','https://app.agencyboz.com:4112/static/courses/8c32c640415/2e6ebeea-19db-44c0-8c9a-bccc728f18bc.jpeg','Este curso de 60 horas é dedicado a ensinar Angular, focando em desenvolvimento robusto e escalável de aplicações web. Através de aulas detalhadas e 5 projetos práticos, os alunos aprenderão a construir aplicações interativas e eficientes, dominando o framework Angular e suas poderosas funcionalidades.','b98c32c6404','pt-br','Desenvolvimento Avançado com Angular: Curso Intensivo','7cf1e8a6b9c','1714149189707','',NULL,150,'image','pending',NULL),('b537e7b73af','https://app.agencyboz.com:4112/static/courses/b537e7b73af/423F27B9-31BB-405B-823F-97BC8C627169.jpg','Venha conhecer o mundo das modelagens! Aqui você aprenderá a fazer moldes de qualquer personagem e personaliza-los que você quer.','41517cb811e','pt-br','Curso de modelagem em pasta americana','77cf1e8a6b9','1714150226593','',NULL,450,'image','pending',NULL),('c0ff431affd','https://app.agencyboz.com:4112/static/courses/c0ff431affd/13fe18bc-a3fa-4a00-96de-bf71f07e494f.jpeg','Explore a fundo o desenvolvimento web neste curso de 65 horas, abrangendo HTML, CSS e JavaScript. Construa 8 projetos práticos que vão desde simples páginas web até aplicações interativas avançadas. Ideal para iniciantes e desenvolvedores que desejam aprimorar suas habilidades.','b9c0ff431af','pt-br','Desenvolvimento Web Completo: Do HTML ao JavaScript','7cf1e8a6b9c','1714147830098','',NULL,150,'image','pending',NULL),('d1067e28b98','https://app.agencyboz.com:4112/static/courses/d1067e28b98/d46a4a13-4fcd-48cc-99f0-17cf1b838674.jpeg','Aprenda a construir sites profissionais com WordPress e Elementor neste curso intensivo de 40 horas. Através de instruções detalhadas e a realização de 4 projetos práticos, você dominará as técnicas de design web, otimização e personalização para criar sites impressionantes e funcionais.','ffd1067e28b','pt-br','Criação de Sites com WordPress e Elementor: Curso Prático','7cf1e8a6b9c','1714147981103','',NULL,200,'image','pending',NULL),('e28b98c32c6','https://app.agencyboz.com:4112/static/courses/e28b98c32c6/8c9522b9-134b-44fe-8f30-a1420eee85e1.jpeg','Este curso de 50 horas oferece uma imersão profunda em Vue.js e Tailwind CSS, duas das tecnologias mais populares no desenvolvimento frontend. Você irá desenvolver habilidades práticas através da construção de 5 projetos práticos, aprendendo a criar interfaces ricas e responsivas com eficiência e estilo.','67e28b98c32','pt-br','Desenvolvimento Frontend Avançado com Vue.js e Tailwind CSS','7cf1e8a6b9c','1714148957442','',NULL,150,'image','pending',NULL);
/*!40000 ALTER TABLE `Course` ENABLE KEYS */;
UNLOCK TABLES;

--
-- Dumping data for table `Creator`
--

LOCK TABLES `Creator` WRITE;
/*!40000 ALTER TABLE `Creator` DISABLE KEYS */;
INSERT INTO `Creator` (`id`, `user_id`, `active`, `description`, `language`, `nickname`, `cover`, `image`) VALUES ('76eb859f989','bb17036e7b8',1,'conteúdos educativos com tutoriais relacionados a prisão do Henrique','arabe','alfredo cursos','https://app.agencyboz.com:4112/static/users/bb17036e7b8/creator/e7edad58-02b4-4600-9595-9a9c56788e08.jpeg','https://app.agencyboz.com:4112/static/users/bb17036e7b8/creator/b9db40b0-6c7f-48c2-b6e5-da3db1079bee.jpeg'),('77cf1e8a6b9','b9d0afd9874',1,'Vou te ajudar a desvendar o mundo dos doces!','pt-br','Tai Dev','https://app.agencyboz.com:4112/static/users/b9d0afd9874/creator/A8E63BEF-8424-4837-B7BE-601B65380C25.jpg','https://app.agencyboz.com:4112/static/users/b9d0afd9874/creator/BF4F1855-16C1-47C2-94E9-71C5FD7CA534.jpg'),('7cf1e8a6b9c','0791fed88bb',1,'Programador FRONTEND com 5 anos de experiência, atuou em vários projetos, atualmente tem como objetivo profissional ajudar outros a iniciarem suas carreiras como programador FRONTEND ','pt-br','Oderfla','https://app.agencyboz.com:4112/static/users/0791fed88bb/creator/821a1943-b81d-4956-a9e1-89baa1390650.png','https://app.agencyboz.com:4112/static/users/0791fed88bb/creator/20063ad3-94f4-42cd-a176-86bd98261671.jpeg'),('c94631435b6','2f413a52a07',1,'Vou te ensinar a clicar no botão da forma certa, usando seu dedo indicador direito e seu mouse, compre o meu curso porque o meu e melhor, ele é caro porque é bom demaisssssssssssssssssssssssssssss demaisssssssssssssdsss, demaissssssssssssssssssssssssssssssssssssssssssssssssssssssssssssssssssss demaisssssssssssssssssssssssssssss demaisssssssssssssd','pt-br','Fran Cursos',NULL,'https://app.agencyboz.com:4112/static/users/2f413a52a07/creator/48e3180b-f71e-4e94-a53c-a4c77f77fc55.jpeg'),('cf1e8a6b9c0','877cf1e8a6b',1,'Fala pessoal, aqui é o Bruninho Gameplays! Vídeos de gameplays, tutoriais, detonados, dicas e muito mais!','pt-br','Bruninho Gameplays','https://app.agencyboz.com:4112/static/users/877cf1e8a6b/creator/0982e599-0e40-4735-ae63-c65f37abd682.jpeg','https://app.agencyboz.com:4112/static/users/877cf1e8a6b/creator/226a69d7-41bb-4096-b29a-7060b5cb1153.jpeg');
/*!40000 ALTER TABLE `Creator` ENABLE KEYS */;
UNLOCK TABLES;

--
-- Dumping data for table `Gallery`
--

LOCK TABLES `Gallery` WRITE;
/*!40000 ALTER TABLE `Gallery` DISABLE KEYS */;
INSERT INTO `Gallery` (`id`, `course_id`, `name`, `chat_id`) VALUES ('041517cb811',NULL,'Grupo de Design de Interface com Figma para Desenvolvedores',NULL),('067e28b98c3',NULL,'Grupo de Criação de Sites com WordPress e Elementor: Curso Prático',NULL),('078c704b67c',NULL,'Galeria 1',NULL),('0f6240b98f5',NULL,'Galeria 1',NULL),('143ff5b859f',NULL,'Grupo de Babababa',NULL),('2004e39837f',NULL,'Galeria 1',NULL),('252790dc816',NULL,'Grupo de Among Us',NULL),('26c2cbdd88c',NULL,'Grupo de Como usar arco e flecha no Minecraft!',NULL),('2c64041517c',NULL,'Galeria 1',NULL),('32c64041517',NULL,'Grupo de Desenvolvimento Avançado com Angular: Curso Intensivo',NULL),('37e7b73afd7',NULL,'Grupo de Curso de modelagem em pasta americana',NULL),('3ff5b859fa5',NULL,'Grupo de Maquiadora Fran ',NULL),('400f43fc1e6',NULL,'Galeria 1',NULL),('41517cb811e',NULL,'Galeria 1',NULL),('43fc1e65576',NULL,'Galeria 1',NULL),('459af02cfb9',NULL,'Grupo de Make hoje',NULL),('488b143ff5b',NULL,'Grupo de Maquiagem 7',NULL),('532426c2cbd',NULL,'Galeria 1',NULL),('59fa5ca886f',NULL,'Grupo de Twste',NULL),('66bf4e4d980',NULL,'Galeria 1',NULL),('67e28b98c32',NULL,'Galeria 1',NULL),('6b9c0ff431a',NULL,'Grupo de Como matar o enderdragon',NULL),('760a7f3dba3',NULL,'Grupo de MAKE 345',NULL),('7a7ddbe007d',NULL,'Galeria 1',NULL),('817dce898a5',NULL,'Galeria 1',NULL),('87349c2b51f',NULL,'Galeria 1',NULL),('898a5f0e02c',NULL,'Grupo de Como usar batom sem ficar muito chamativo para o dia a dia na empresa',NULL),('8b143ff5b85',NULL,'Grupo de Belo curso',NULL),('8b98c32c640',NULL,'Grupo de Desenvolvimento Frontend Avançado com Vue.js e Tailwind CSS',NULL),('8e2d1252790',NULL,'Galeria 1',NULL),('9b3e6704570',NULL,'Galeria 1',NULL),('9c2b51f36f7',NULL,'Grupo de Apenas um teste',NULL),('9e9f0f82a8b',NULL,'Grupo de Amigos',NULL),('affd1067e28',NULL,'Grupo de Curso:\nDomínio React: TypeScript e Material-UI em 90 Horas',NULL),('b859fa5ca88',NULL,'Grupo de Curso cocô',NULL),('b98c32c6404',NULL,'Galeria 1',NULL),('b9c0ff431af',NULL,'Galeria 1',NULL),('c05d0cb0791',NULL,'Grupo de Cu ',NULL),('c439e9f0f82',NULL,'Galeria 1',NULL),('c7a17908529',NULL,'Galeria 1',NULL),('cc7d5dee6b3',NULL,'Galeria 1',NULL),('cfb9b6013fd',NULL,'Galeria 1',NULL),('d14c05d0cb0',NULL,'Galeria 1',NULL),('e8a6b9c0ff4',NULL,'Galeria 1',NULL),('ef39d1459af',NULL,'Galeria 1',NULL),('f0a4a1ffc62',NULL,'Galeria 1',NULL),('f413a52a071',NULL,'Opinja',NULL),('f431affd106',NULL,'Galeria 1',NULL),('f5b859fa5ca',NULL,'Grupo de Dacuebinha',NULL),('fa5ca886fbb',NULL,'Grupo de TESTE ',NULL),('ff431affd10',NULL,'Grupo de Desenvolvimento Web Completo: Do HTML ao JavaScript',NULL),('ffd1067e28b',NULL,'Galeria 1',NULL);
/*!40000 ALTER TABLE `Gallery` ENABLE KEYS */;
UNLOCK TABLES;

--
-- Dumping data for table `Lesson`
--

LOCK TABLES `Lesson` WRITE;
/*!40000 ALTER TABLE `Lesson` DISABLE KEYS */;
INSERT INTO `Lesson` (`id`, `published`, `name`, `info`, `pdf`, `course_id`, `active`, `media_id`, `thumb`, `status`, `declined_reason`) VALUES ('0e67ded2503','1714156880564','Ferramentas de Design no Figma','Aprenda a utilizar as principais ferramentas e recursos do Figma para criar designs de interface desde o zero.',NULL,'64041517cb8',1,'30e67ded250','https://app.agencyboz.com:4112/static/course/lessons/64041517cb8/bcecb4fd-24ae-47a9-858b-a4f5c69c6a7f.jpeg','pending',NULL),('130e67ded25','1714156757850','Introdução ao Figma\nDescrição','Conheça o Figma, uma ferramenta poderosa de design de interface, explorando sua interface de usuário e funcionalidades básicas.',NULL,'64041517cb8',1,'a130e67ded2','https://app.agencyboz.com:4112/static/course/lessons/64041517cb8/048cd148-8fb2-453f-ad2e-be19aa51b436.jpeg','pending',NULL),('3afd790b26d','1714150513224','Materiais Básicos ','Nesta aula você aprenderá quais ferramentas sao essenciais pra começar a modelagem de personagens.',NULL,'b537e7b73af',1,'73afd790b26','https://app.agencyboz.com:4112/static/course/lessons/b537e7b73af/305E5FC5-23F1-4842-BE7D-5EB4E2A7EA5A.jpg','pending',NULL),('3bfa130e67d','1714156482219','Plugins Essenciais','Descubra os plugins mais úteis para expandir as funcionalidades do seu site WordPress, incluindo dicas de segurança e SEO.',NULL,'d1067e28b98',1,'23bfa130e67','https://app.agencyboz.com:4112/static/course/lessons/d1067e28b98/341e1f8c-ea14-4daf-8e0c-206a194ee9b2.jpeg','pending',NULL),('5d83d263e7d','1714153776482','Introdução ao React','Comece a explorar o React, aprendendo sobre JSX, componentes, estados e props para construir interfaces de usuário dinâmicas e reativas.',NULL,'31affd1067e',1,'55d83d263e7','https://app.agencyboz.com:4112/static/course/lessons/31affd1067e/9cb4fee7-0381-4856-8ff2-c35756612e97.jpeg','pending',NULL),('63e7d585923','1714154898571','Estilizando com Material-UI','Aprenda a usar o Material-UI para aplicar estilos e temas nos seus projetos React, criando interfaces atraentes e consistentes com facilidade.',NULL,'31affd1067e',1,'263e7d58592','https://app.agencyboz.com:4112/static/course/lessons/31affd1067e/f917db59-d153-4c7a-9f2c-feaec2a0879f.jpeg','pending',NULL),('67ded2503fc','1714156937572','Prototipagem com Figma','Explore a prototipagem no Figma para criar interações e transições dinâmicas entre telas de seu projeto de interface.',NULL,'64041517cb8',1,'e67ded2503f','https://app.agencyboz.com:4112/static/course/lessons/64041517cb8/6834f746-a690-42f8-8f74-47491714ca40.jpeg','pending',NULL),('83d263e7d58','1714153885928','Gerenciamento de Estado com Hooks','Aprofunde o uso de Hooks no React para gerenciar o estado e o ciclo de vida dos componentes de maneira eficiente e moderna.',NULL,'31affd1067e',1,'d83d263e7d5','https://app.agencyboz.com:4112/static/course/lessons/31affd1067e/c47f8e49-4abc-4f7d-9143-65c274fe9eaf.jpeg','pending',NULL),('85923bfa130','1714156347358','Primeiros Passos com Elementor','Aprenda a utilizar o Elementor para criar páginas visualmente atraentes, utilizando seu sistema de arrastar e soltar para design.',NULL,'d1067e28b98',1,'585923bfa13','https://app.agencyboz.com:4112/static/course/lessons/d1067e28b98/521c6956-15f0-4fed-9dbf-3c7bab8c155f.jpeg','pending',NULL),('88c55d83d26','1714153028449','Integrando HTML, CSS e JavaScript','Aprenda a integrar HTML, CSS e JavaScript para criar uma página web dinâmica e interativa, focando na manipulação do DOM e na criação de uma experiência de usuário aprimorada.',NULL,'c0ff431affd',1,'d88c55d83d2','https://app.agencyboz.com:4112/static/course/lessons/c0ff431affd/f7c6f5c5-6b35-420f-a3f6-6cbb6da4b0ba.jpeg','pending',NULL),('90b26de2996','1714151785870','Passo 2: Enfrentando o dragão','Conforme descrito na lição 2 opcional (recomendo le-la!!!), o enderdragon regenera a vida com as estrelas das torres. Ou seja, tentar matá-lo no começo é INÚTIL E IDIOTICE!!! Você precisa primeiro destruir essas estrelas. Depois de destrui essas estrelas, espere o dragão chegar bem perto e dê um golpe crítico (pule e ataque ao cair) com sua espada de diamante. Use também o arco/besta para acertá-lo enquanto ele voa!!! Sugiro armas encantadas para que seja mais rápido.',NULL,'8a6b9c0ff43',1,'790b26de299','https://app.agencyboz.com:4112/static/course/lessons/8a6b9c0ff43/935261bc-6c86-4366-b06b-aecdb1ab1113.jpeg','pending',NULL),('923bfa130e6','1714156408929','Customização de Temas','Explore como customizar temas no WordPress com Elementor, ajustando o design ao seu gosto e às necessidades do seu site',NULL,'d1067e28b98',1,'5923bfa130e','https://app.agencyboz.com:4112/static/course/lessons/d1067e28b98/04f43f58-6c6c-4849-acf5-cccade55ada2.jpeg','pending',NULL),('b73afd790b2','1714150512105','Introdução ao HTML','Aprenda a estrutura básica de uma página HTML, incluindo tags, atributos e elementos essenciais para criar o esqueleto de um website.',NULL,'c0ff431affd',1,'7b73afd790b','https://app.agencyboz.com:4112/static/course/lessons/c0ff431affd/7329ffb6-677b-41bd-b411-619b40cc7d9e.jpeg','pending',NULL),('c2cbdd88c55','1714152721365','Tutorial de como usar o arco','Assista o vídeo e você vai descobrir todo o potencial de usar o arco e flecha no Minecraft! Não se preocupe mais com flechas! Esqueletos vão morrer num instante!',NULL,'2426c2cbdd8',1,'6c2cbdd88c5','https://app.agencyboz.com:4112/static/course/lessons/2426c2cbdd8/8cd5a729-8e3c-456c-8ce1-f12bbe9bb0b6.png','pending',NULL),('c55d83d263e','1714153094554','Projeto Prático Final','Coloque em prática tudo que aprendeu no curso desenvolvendo um projeto web completo, que integra HTML, CSS e JavaScript para criar um site funcional e atraente.\nAgora, vou gerar a imagem neutra para este curso e, em seguida, proceder com os planos de lição para os outros cursos mencionados.',NULL,'c0ff431affd',1,'8c55d83d263','https://app.agencyboz.com:4112/static/course/lessons/c0ff431affd/fce53132-a85a-44b7-8d29-027c52efd27e.jpeg','pending',NULL),('cbdd88c55d8','1714152901794','Estilizando com CSS','Aprenda a estrutura básica de uma página HTML, incluindo tags, atributos e elementos essenciais para criar o esqueleto de um website.',NULL,'c0ff431affd',1,'2cbdd88c55d','https://app.agencyboz.com:4112/static/course/lessons/c0ff431affd/8e446392-5839-42f2-9f2d-dd05059922ed.jpeg','pending',NULL),('d2503fc54d4','1714159166114','De Design à Implementação','Aprenda a transformar seus designs do Figma em código real, explorando as melhores práticas para desenvolvedores trabalharem com designers',NULL,'64041517cb8',1,'ed2503fc54d','https://app.agencyboz.com:4112/static/course/lessons/64041517cb8/fb94ca8e-4e53-4205-b178-7e864b97ec62.jpeg','pending',NULL),('d263e7d5859','1714154794668','Desenvolvimento com TypeScript','Integre TypeScript no seu workflow do React para adicionar tipos estáticos, melhorando a manutenibilidade e a escalabilidade dos aplicativos.',NULL,'31affd1067e',1,'3d263e7d585','https://app.agencyboz.com:4112/static/course/lessons/31affd1067e/80e25533-6a47-4902-91d7-30ed3d140f7f.jpeg','pending',NULL),('d585923bfa1','1714156284801','Fundamentos do WordPress','Introdução ao WordPress, explorando sua interface, configurações principais e como gerenciar conteúdo eficazmente.',NULL,'d1067e28b98',1,'7d585923bfa','https://app.agencyboz.com:4112/static/course/lessons/d1067e28b98/21b66a95-382e-4714-9703-91053a61ab0a.jpeg','pending',NULL),('dd88c55d83d','1714152964238','Fundamentos do JavaScript','Introdução aos conceitos básicos de JavaScript, incluindo variáveis, tipos de dados, funções e eventos, fundamentais para interatividade no desenvolvimento web.',NULL,'c0ff431affd',1,'bdd88c55d83','https://app.agencyboz.com:4112/static/course/lessons/c0ff431affd/8169d8f4-565e-4d4b-be82-2ef8a83a8ad8.jpeg','pending',NULL),('ded2503fc54','1714159057588','Colaboração e Feedback','Utilize os recursos de colaboração do Figma para trabalhar em equipe e integrar feedbacks de forma eficaz e eficiente.',NULL,'64041517cb8',1,'7ded2503fc5','https://app.agencyboz.com:4112/static/course/lessons/64041517cb8/31992e9b-8571-47e6-bf59-246d300ea359.jpeg','pending',NULL),('e7b73afd790','1714150365064','Primeiro passo: conseguir um set de diamante','Isso aqui é na verdade um pré-requisito. O set de diamante é necessário para primeiro chegar na fortaleza e montar o portal do end, porque é muito difícil e perigoso. Isso piora ainda quando você vai pro end, porque tem um monte de endermen e eles causam muito dano.',NULL,'8a6b9c0ff43',1,'7e7b73afd79','https://app.agencyboz.com:4112/static/course/lessons/8a6b9c0ff43/5356525b-7e36-4752-b7c8-4edf611a1053.jpeg','pending',NULL),('e7d585923bf','1714154942731','Projeto Prático Integrado','Combine React, TypeScript e Material-UI em um projeto prático final, consolidando seu aprendizado com a criação de uma aplicação web completa e responsiva.',NULL,'31affd1067e',1,'3e7d585923b','https://app.agencyboz.com:4112/static/course/lessons/31affd1067e/9f871f10-61af-4900-b818-992e7c4996ab.jpeg','pending',NULL),('fa130e67ded','1714156544313','Criando um Portfólio','Utilize suas habilidades aprendidas para construir um portfólio impressionante no WordPress com Elementor, demonstrando seu trabalho de forma profissional.',NULL,'d1067e28b98',1,'bfa130e67de','https://app.agencyboz.com:4112/static/course/lessons/d1067e28b98/afa42e8e-2947-4874-8840-1ece0a41242c.jpeg','pending',NULL),('fd790b26de2','1714150651931','Opcional: ter armas de distância','Para matar o enderdragon, você precisa destruir as estrelas no topo das torres que regeneram a vida do dragão. Usar um arco ou besta ajuda bastante nisso, pois aí você não precisa subir nessas torres pra destruir na mão.\n\nTAMBÉM RECOMENDO PARA MATAR O DRAGÃO EM SI!!!',NULL,'8a6b9c0ff43',1,'afd790b26de','https://app.agencyboz.com:4112/static/course/lessons/8a6b9c0ff43/fc4ab708-1613-4671-8b4f-0892c001bdaf.png','pending',NULL);
/*!40000 ALTER TABLE `Lesson` ENABLE KEYS */;
UNLOCK TABLES;

--
-- Dumping data for table `Media`
--

LOCK TABLES `Media` WRITE;
/*!40000 ALTER TABLE `Media` DISABLE KEYS */;
INSERT INTO `Media` (`id`, `url`, `gallery_id`, `type`, `position`, `height`, `width`, `lesson_id`) VALUES ('00f43fc1e65','https://app.agencyboz.com:4112/static/galleries/60c09805-dd19-463b-a201-7a8223b23ca0.jpeg','400f43fc1e6','IMAGE',1,980,1920,NULL),('013fdf6030a','https://app.agencyboz.com:4112/static/galleries/128be4d2-0b93-4816-a353-56dc6edf4a99.jpeg','cfb9b6013fd','IMAGE',6,1599,899,NULL),('0280329999d','https://app.agencyboz.com:4112/static/course/lessons/708477a50af/669a5904-fcd5-46cc-b827-8bb9e5674c6f.png',NULL,'IMAGE',1,607,1080,NULL),('030a7b9760a','https://app.agencyboz.com:4112/static/galleries/73de4235-562a-4384-97b8-d10702a04e57.jpeg','cfb9b6013fd','IMAGE',13,1140,1080,NULL),('04b67ce9eab','https://app.agencyboz.com:4112/static/galleries/79b279d1-a211-4f48-96b1-3597fd442c2f.png','078c704b67c','IMAGE',1,980,1920,NULL),('0a4a1ffc621','https://app.agencyboz.com:4112/static/galleries/b5b6d354-7145-4760-ab39-d01547a31067.jpeg','f0a4a1ffc62','IMAGE',1,980,1920,NULL),('0a7b9760a7f','https://app.agencyboz.com:4112/static/galleries/761738a6-6ef7-49b5-9363-646ac2b9ab16.jpeg','cfb9b6013fd','IMAGE',15,1080,1080,NULL),('0a7f3dba32d','https://app.agencyboz.com:4112/static/course/lessons/b9760a7f3db/18a8f389-8769-465c-a886-0f920c13be07.jpeg',NULL,'IMAGE',1,675,1200,NULL),('0cae0f5316b','https://app.agencyboz.com:4112/static/course/lessons/708477a50af/2950d79f-e15a-4524-bab6-5cd19ded4d11.png',NULL,'IMAGE',1,608,1080,NULL),('0f43fc1e655','https://app.agencyboz.com:4112/static/galleries/d9e363ed-f473-4f3a-96d3-ff32a91faf3f.jpeg','400f43fc1e6','IMAGE',1,980,1920,NULL),('0f5316bd890','https://app.agencyboz.com:4112/static/course/lessons/a7ddbe007da/fdf36098-f033-4e65-a6bd-2a685fd43ec2.mp4',NULL,'VIDEO',1,850,478,NULL),('11e41442b53','https://app.agencyboz.com:4112/static/galleries/562A2ED9-5D1E-44DD-AF8B-0A093C2AD62B.jpg','41517cb811e','IMAGE',8,1512,1242,NULL),('1210c57f743','https://app.agencyboz.com:4112/static/course/lessons/d1252790dc8/91e9d7e1-e28f-4e25-a378-3ed0c11fc56e.mp4',NULL,'VIDEO',1,480,848,NULL),('13fdf6030a7','https://app.agencyboz.com:4112/static/galleries/f4ef06db-ae0a-47ea-88d2-3f53b815c271.jpeg','cfb9b6013fd','IMAGE',7,1600,1200,NULL),('1442b537e7b','https://app.agencyboz.com:4112/static/galleries/BF2307FE-7146-4D42-ADCA-F82AC8D7C28C.jpg','41517cb811e','IMAGE',12,1276,967,NULL),('1517cb811e4','https://app.agencyboz.com:4112/static/galleries/84062F90-CEC6-4916-B135-39E900733210.jpg','41517cb811e','IMAGE',1,1575,1242,NULL),('1790852907d','https://app.agencyboz.com:4112/static/galleries/81032f4f-221e-45e8-990c-c5d432976c84.jpeg','c7a17908529','IMAGE',3,1080,1080,NULL),('17cb811e414','https://app.agencyboz.com:4112/static/galleries/C1A7FEE1-E2F1-4948-94ED-F8E69126E6EF.jpg','41517cb811e','IMAGE',3,1400,1134,NULL),('17dce898a5f','https://app.agencyboz.com:4112/static/galleries/3ed52f17-fc72-4783-8f82-386ea7494d1a.jpeg','817dce898a5','IMAGE',1,1600,1200,NULL),('1d99364df6d','https://app.agencyboz.com:4112/static/course/lessons/d1252790dc8/888c3a8a-2479-496a-b8d8-e864e4816223.mp4',NULL,'VIDEO',1,1920,864,NULL),('1e41442b537','https://app.agencyboz.com:4112/static/galleries/A0AEA629-16B6-43C9-A6D5-7D9AF00DD331.jpg','41517cb811e','IMAGE',9,1535,1237,NULL),('2396a573483','https://app.agencyboz.com:4112/static/course/lessons/708477a50af/36376ab1-fe6d-4619-966b-8d3905e399e9.mp4',NULL,'VIDEO',1,720,1280,NULL),('23bfa130e67','https://app.agencyboz.com:4112/static/course/lessons/d1067e28b98/de34f800-660b-46d0-a663-aa8f453d8b41.mp4',NULL,'VIDEO',1,1080,1920,NULL),('263e7d58592','https://app.agencyboz.com:4112/static/course/lessons/31affd1067e/761aa5d0-583f-4457-ba39-291842e8acef.mp4',NULL,'VIDEO',1,1080,1920,NULL),('28981bdc280','https://app.agencyboz.com:4112/static/course/lessons/d1252790dc8/ab541715-0649-47e3-b086-8918c8294dc9.mp4',NULL,'VIDEO',1,1,1,NULL),('2b2c05987c0','https://app.agencyboz.com:4112/static/course/lessons/d1252790dc8/91e9d7e1-e28f-4e25-a378-3ed0c11fc56e.mp4',NULL,'VIDEO',1,480,848,NULL),('2b537e7b73a','https://app.agencyboz.com:4112/static/galleries/5C050713-B23C-440B-B9F4-F331EC8495A4.jpg','41517cb811e','IMAGE',15,1280,1118,NULL),('2cbdd88c55d','https://app.agencyboz.com:4112/static/course/lessons/c0ff431affd/66226361-eb57-4d7c-a137-5195fea04ec9.mp4',NULL,'VIDEO',1,1080,1920,NULL),('2d1252790dc','https://app.agencyboz.com:4112/static/galleries/29c024df-9c36-4dc6-a157-1a30557971ea.png','8e2d1252790','IMAGE',2,2400,1080,NULL),('2fd68d8ec46','https://app.agencyboz.com:4112/static/course/lessons/d1252790dc8/91e9d7e1-e28f-4e25-a378-3ed0c11fc56e.mp4',NULL,'VIDEO',1,480,848,NULL),('30a7b9760a7','https://app.agencyboz.com:4112/static/galleries/d1f9a502-82b4-49ec-8355-77fb9528adcd.jpeg','cfb9b6013fd','IMAGE',14,1080,1080,NULL),('30e67ded250','https://app.agencyboz.com:4112/static/course/lessons/64041517cb8/1625785d-5c96-4510-b3d0-7b9edba8331b.mp4',NULL,'VIDEO',1,1080,1920,NULL),('3150f26bc9f','https://app.agencyboz.com:4112/static/course/lessons/d1252790dc8/3ee30b69-c310-403c-a6f0-720b16ff8c8c.mp4',NULL,'VIDEO',1,480,848,NULL),('32426c2cbdd','https://app.agencyboz.com:4112/static/galleries/dac51116-551f-411a-8013-841ebec84f6f.gif','532426c2cbd','IMAGE',1,160,160,NULL),('3483c7a1790','https://app.agencyboz.com:4112/static/galleries/e56a5f14-c6f1-41c3-afe3-7b706b64e344.jpeg','2004e39837f','IMAGE',4,900,1600,NULL),('39d1459af02','https://app.agencyboz.com:4112/static/galleries/9aa37d8a-0283-4d3f-ad62-1a1b50d8756d.jpeg','ef39d1459af','IMAGE',2,1600,1200,NULL),('3c7a1790852','https://app.agencyboz.com:4112/static/galleries/03826fc8-6227-4267-94c7-d99bfa6fc7ac.mp4','2004e39837f','VIDEO',7,850,478,NULL),('3d263e7d585','https://app.agencyboz.com:4112/static/course/lessons/31affd1067e/d2fe44c2-08b8-44f8-87b1-7574c3368e7f.mp4',NULL,'VIDEO',1,720,1280,NULL),('3e670457057','https://app.agencyboz.com:4112/static/galleries/88e3492b-c76e-439c-8610-2954576477a2.jpeg','9b3e6704570','IMAGE',1,980,1920,NULL),('3e7d585923b','https://app.agencyboz.com:4112/static/course/lessons/31affd1067e/d3f66c7c-9fba-43f6-828c-dbb516adfc78.jpeg',NULL,'IMAGE',1,576,1024,NULL),('3fc1e65576f','https://app.agencyboz.com:4112/static/galleries/70d2225c-fed1-457a-ab4c-64e90af522f7.jpeg','43fc1e65576','IMAGE',1,980,1920,NULL),('3fdf6030a7b','https://app.agencyboz.com:4112/static/galleries/9114fda1-268a-4699-8bb6-375a3f168669.jpeg','cfb9b6013fd','IMAGE',8,1600,1200,NULL),('4044ef39d14','https://app.agencyboz.com:4112/static/course/lessons/90852907d4b/bbfc79c1-ea47-4ed4-82ae-c4c26859c9de.jpeg',NULL,'IMAGE',1,675,1200,NULL),('413a52a0717','https://app.agencyboz.com:4112/static/galleries/e8b1d9f4-0f10-44c8-b42d-8aadb62331c5.png','f413a52a071','IMAGE',1,980,1920,NULL),('41442b537e7','https://app.agencyboz.com:4112/static/galleries/BDBB772D-4198-4E8F-9341-FD267084DC3F.jpg','41517cb811e','IMAGE',11,1522,1010,NULL),('42b537e7b73','https://app.agencyboz.com:4112/static/galleries/33C3BD5B-FFD9-46F3-BB83-C8B9C34F48BF.jpg','41517cb811e','IMAGE',14,1221,1033,NULL),('431affd1067','https://app.agencyboz.com:4112/static/galleries/07f2c091-47a3-4753-a3ad-61e43d3732f8.jpeg','f431affd106','IMAGE',1,1024,1024,NULL),('442b537e7b7','https://app.agencyboz.com:4112/static/galleries/35A2F7EC-1AC7-4213-8820-2FADBD55B0C2.jpg','41517cb811e','IMAGE',13,1229,1041,NULL),('4441695a4de','https://app.agencyboz.com:4112/static/course/lessons/d1252790dc8/91e9d7e1-e28f-4e25-a378-3ed0c11fc56e.mp4',NULL,'VIDEO',1,480,848,NULL),('446ffef9758','https://app.agencyboz.com:4112/static/course/lessons/708477a50af/6840eacc-dad9-4c84-a5ae-920f9a9162a6.png',NULL,'IMAGE',1,608,1080,NULL),('483c7a17908','https://app.agencyboz.com:4112/static/galleries/da6bae27-db15-44a6-97a3-d0cf365a63bf.jpeg','2004e39837f','IMAGE',5,1599,899,NULL),('4a956879d96','https://app.agencyboz.com:4112/static/course/lessons/d1252790dc8/91e9d7e1-e28f-4e25-a378-3ed0c11fc56e.mp4',NULL,'VIDEO',1,480,848,NULL),('4b67ce9eab6','https://app.agencyboz.com:4112/static/galleries/839cea67-b859-4801-8195-d7d6c6652c68.jpeg','078c704b67c','IMAGE',1,980,1920,NULL),('4d98048bfc2','https://app.agencyboz.com:4112/static/galleries/4129866d-b2ec-496e-a183-969f206d8ae6.jpeg','66bf4e4d980','IMAGE',6,980,1920,NULL),('4e4d98048bf','https://app.agencyboz.com:4112/static/galleries/833ede6f-d2e0-45d8-911b-8cfa8fe58e90.jpeg','66bf4e4d980','IMAGE',4,980,1920,NULL),('4ef30923a3e','https://app.agencyboz.com:4112/static/course/lessons/d1252790dc8/91e9d7e1-e28f-4e25-a378-3ed0c11fc56e.mp4',NULL,'VIDEO',1,480,848,NULL),('517cb811e41','https://app.agencyboz.com:4112/static/galleries/BDF20A20-EC71-4B0E-932E-0153A6C3F57E.jpg','41517cb811e','IMAGE',2,1532,1189,NULL),('55d83d263e7','https://app.agencyboz.com:4112/static/course/lessons/31affd1067e/1f6e5ae7-0d8a-46d9-82a8-580863c087a7.jpeg',NULL,'IMAGE',1,576,1024,NULL),('573483c7a17','https://app.agencyboz.com:4112/static/galleries/738b508f-7c17-4059-aee2-ff4fed938932.jpeg','2004e39837f','IMAGE',2,1600,901,NULL),('585923bfa13','https://app.agencyboz.com:4112/static/course/lessons/d1067e28b98/944ed57f-6216-439e-bd44-389275ee9a0b.jpeg',NULL,'IMAGE',1,576,1024,NULL),('5923bfa130e','https://app.agencyboz.com:4112/static/course/lessons/d1067e28b98/135a92eb-cec9-47ec-8930-600491efc054.mp4',NULL,'VIDEO',1,1080,1920,NULL),('59af02cfb9b','https://app.agencyboz.com:4112/static/course/lessons/d1459af02cf/562f0eaa-b951-4018-ba6e-71dc3d82bedb.jpeg',NULL,'IMAGE',1,608,1080,NULL),('5d0cb0791fe','https://app.agencyboz.com:4112/static/course/lessons/c7d5dee6b3c/1ec3c5cc-a79a-4f30-8d11-84569893f72c.mp4',NULL,'VIDEO',1,1080,1920,NULL),('6013fdf6030','https://app.agencyboz.com:4112/static/galleries/e41f3c87-9b98-4b7b-98d5-b5e5dbeb3e2e.jpeg','cfb9b6013fd','IMAGE',5,1600,1200,NULL),('6030a7b9760','https://app.agencyboz.com:4112/static/galleries/1fb65e17-4ca7-4ac3-9821-51c479934313.jpeg','cfb9b6013fd','IMAGE',12,1600,1200,NULL),('6240b98f5e8','https://app.agencyboz.com:4112/static/galleries/22dc56f8-b14c-47fa-8062-bd155bc1a7be.jpeg','0f6240b98f5','IMAGE',1,980,1920,NULL),('67ce9eab663','https://app.agencyboz.com:4112/static/galleries/4658cf48-1539-4f56-a581-afa7d73d8913.jpeg','078c704b67c','IMAGE',1,980,1920,NULL),('6bf4e4d9804','https://app.agencyboz.com:4112/static/galleries/54e89aeb-a029-45e2-8ea2-9328a45a3f62.png','66bf4e4d980','IMAGE',1,980,1920,NULL),('6c2cbdd88c5','https://app.agencyboz.com:4112/static/course/lessons/2426c2cbdd8/a94b6200-b7f0-4c4d-9482-ee9b85acdac1.mp4',NULL,'VIDEO',1,720,1280,NULL),('704b67ce9ea','https://app.agencyboz.com:4112/static/galleries/379ee794-791d-43ba-a3fc-e46525443901.png','078c704b67c','IMAGE',1,980,1920,NULL),('73483c7a179','https://app.agencyboz.com:4112/static/galleries/80cccd8d-b351-42d8-b2a6-e626a9077c93.jpeg','2004e39837f','IMAGE',3,2160,3840,NULL),('7349c2b51f3','https://app.agencyboz.com:4112/static/galleries/088621cd-d877-4f62-b909-70954e235c01.jpeg','87349c2b51f','IMAGE',1,2400,1080,NULL),('73afd790b26','https://app.agencyboz.com:4112/static/course/lessons/b537e7b73af/FA8F27A0-B43D-47EB-A0A0-930F3A4D4861.mov',NULL,'VIDEO',1,1080,1920,NULL),('74044ef39d1','https://app.agencyboz.com:4112/static/galleries/568de74d-4423-418b-a6e8-5f959a66c36d.jpeg','c7a17908529','IMAGE',4,954,1080,NULL),('77dd737993a','https://app.agencyboz.com:4112/static/course/lessons/708477a50af/9239cb7e-c43e-4e5c-8496-1004954bab58.mp4',NULL,'VIDEO',1,720,1280,NULL),('787a76e4929','https://app.agencyboz.com:4112/static/course/lessons/d1252790dc8/91e9d7e1-e28f-4e25-a378-3ed0c11fc56e.mp4',NULL,'VIDEO',1,480,848,NULL),('78c704b67ce','https://app.agencyboz.com:4112/static/galleries/270e94d3-ecdf-490f-9c07-f7d6acd173a1.jpeg','078c704b67c','IMAGE',1,980,1920,NULL),('790b26de299','https://app.agencyboz.com:4112/static/course/lessons/8a6b9c0ff43/8df01c88-1ad1-4148-9a3d-11238f27fa1b.jpeg',NULL,'IMAGE',1,415,737,NULL),('79fa7ccaaf6','https://app.agencyboz.com:4112/static/course/lessons/c7d5dee6b3c/f4058f5b-fb80-46ea-93af-7949a4b119c5.mp4',NULL,'VIDEO',1,1920,864,NULL),('7a179085290','https://app.agencyboz.com:4112/static/galleries/d066758a-95d0-4b17-bbef-9781ceef104c.jpeg','c7a17908529','IMAGE',1,1080,1080,NULL),('7b73afd790b','https://app.agencyboz.com:4112/static/course/lessons/c0ff431affd/f411b844-3d05-40bf-825a-4a5d24469968.jpeg',NULL,'IMAGE',1,576,1024,NULL),('7b9760a7f3d','https://app.agencyboz.com:4112/static/galleries/06c7b95d-6fb8-4d1a-be47-9392ccfe7974.jpeg','cfb9b6013fd','IMAGE',17,1600,1600,NULL),('7cb811e4144','https://app.agencyboz.com:4112/static/galleries/19DFF9AE-F79A-408B-B464-2B23260C67FD.jpg','41517cb811e','IMAGE',4,1268,710,NULL),('7d585923bfa','https://app.agencyboz.com:4112/static/course/lessons/d1067e28b98/571941a2-f823-433e-a271-1a135791220c.mp4',NULL,'VIDEO',1,1080,1920,NULL),('7dce898a5f0','https://app.agencyboz.com:4112/static/galleries/2a720ee2-2c72-473b-9ae3-1aeb00788cd1.jpeg','817dce898a5','IMAGE',2,1599,899,NULL),('7ded2503fc5','https://app.agencyboz.com:4112/static/course/lessons/64041517cb8/de7a90ba-e7c1-4244-800d-6e32164faebe.mp4',NULL,'VIDEO',1,1080,1920,NULL),('7e28b98c32c','https://app.agencyboz.com:4112/static/galleries/93071e1d-00b5-45a6-a1f3-a14e9e0bd0b8.jpeg','67e28b98c32','IMAGE',1,1024,1024,NULL),('7e7b73afd79','https://app.agencyboz.com:4112/static/course/lessons/8a6b9c0ff43/08716ff4-b98b-45cd-aba4-4acdbc321518.jpeg',NULL,'IMAGE',1,233,414,NULL),('8048bfc2baa','https://app.agencyboz.com:4112/static/galleries/79d92e2a-9dab-4ff5-8107-2a3d0ad07800.jpeg','66bf4e4d980','IMAGE',9,980,1920,NULL),('811e41442b5','https://app.agencyboz.com:4112/static/galleries/964BCE10-C328-4764-86F4-50F4F37D9766.jpg','41517cb811e','IMAGE',7,1470,1190,NULL),('83c7a179085','https://app.agencyboz.com:4112/static/galleries/00c7bdd8-0c08-4d22-80c7-c69f2563197a.jpeg','2004e39837f','IMAGE',7,3472,4640,NULL),('8c55d83d263','https://app.agencyboz.com:4112/static/course/lessons/c0ff431affd/e9e96c3e-1d41-491d-9d1c-0fbe3a1f03a9.jpeg',NULL,'IMAGE',1,576,1024,NULL),('8c704b67ce9','https://app.agencyboz.com:4112/static/galleries/aeb508c7-8512-43d8-9537-06db7e3a7d88.jpeg','078c704b67c','IMAGE',1,980,1920,NULL),('90ac446ffef','https://app.agencyboz.com:4112/static/course/lessons/708477a50af/70009fbc-1e4f-4cf1-bea7-4aa05cfbf0dd.png',NULL,'IMAGE',1,608,1080,NULL),('96a573483c7','https://app.agencyboz.com:4112/static/course/lessons/708477a50af/720C644C-12C2-44CF-9207-240FA9B57632.mov',NULL,'VIDEO',1,1920,1080,NULL),('98048bfc2ba','https://app.agencyboz.com:4112/static/galleries/24284b23-ddeb-453f-9fdf-12f65a639a36.png','66bf4e4d980','IMAGE',8,980,1920,NULL),('98c32c64041','https://app.agencyboz.com:4112/static/galleries/94a72b4d-6404-4b02-879f-b1f0c834c6eb.jpeg','b98c32c6404','IMAGE',1,1024,1024,NULL),('99364df6dc6','https://app.agencyboz.com:4112/static/course/lessons/d1252790dc8/a4e64145-53d6-4c87-8314-1e1c3184c1a6.mp4',NULL,'VIDEO',1,1920,864,NULL),('9b6013fdf60','https://app.agencyboz.com:4112/static/galleries/7d8bc698-3f55-465d-9932-96423c801d62.jpeg','cfb9b6013fd','IMAGE',3,1600,1200,NULL),('9c0ff431aff','https://app.agencyboz.com:4112/static/galleries/76786e28-98fc-4ce6-a30a-08cc921a7a84.jpeg','b9c0ff431af','IMAGE',1,1024,1024,NULL),('9d1459af02c','https://app.agencyboz.com:4112/static/galleries/dc0ab90c-3297-4b15-aac8-b9a051134632.jpeg','ef39d1459af','IMAGE',3,1600,1200,NULL),('a130e67ded2','https://app.agencyboz.com:4112/static/course/lessons/64041517cb8/97ea525a-65f1-465e-8171-48b6ebd63517.jpeg',NULL,'IMAGE',1,576,1024,NULL),('a1790852907','https://app.agencyboz.com:4112/static/galleries/b827acd5-a470-40d3-b8f7-1890a681b0ea.jpeg','c7a17908529','IMAGE',2,2408,1080,NULL),('a4a1ffc6213','https://app.agencyboz.com:4112/static/galleries/6eed77dd-44a6-41da-ba5e-c18819dc75a8.mp4','f0a4a1ffc62','VIDEO',1,980,1920,NULL),('a573483c7a1','https://app.agencyboz.com:4112/static/galleries/d4ee1732-6161-43f2-8056-a37fd8f62743.jpeg','2004e39837f','IMAGE',1,4640,3472,NULL),('a7b9760a7f3','https://app.agencyboz.com:4112/static/galleries/b882ed6e-8f94-43db-bfae-a0b4f51657b9.jpeg','cfb9b6013fd','IMAGE',16,1080,1080,NULL),('ac446ffef97','https://app.agencyboz.com:4112/static/course/lessons/708477a50af/b4af0acc-56d7-4932-94ee-bcdbc3ba34fe.png',NULL,'IMAGE',1,608,1080,NULL),('ae0f5316bd8','https://app.agencyboz.com:4112/static/course/lessons/708477a50af/eee34d89-ee8b-41d8-9a1e-8c1cb8ea3314.png',NULL,'IMAGE',1,608,1080,NULL),('af02cfb9b60','https://app.agencyboz.com:4112/static/course/lessons/d1459af02cf/fa71d4b2-0f9e-49f7-9ea1-0d87b7f432a9.jpeg',NULL,'IMAGE',1,608,1080,NULL),('afd790b26de','https://app.agencyboz.com:4112/static/course/lessons/8a6b9c0ff43/aab6d294-ea8d-4de9-a31c-f85aa6506a78.png',NULL,'IMAGE',1,90,160,NULL),('b3e67045705','https://app.agencyboz.com:4112/static/galleries/4ef12b5a-7084-45e2-9966-52d4f4bc6b62.jpeg','9b3e6704570','IMAGE',1,980,1920,NULL),('b50bde0cfa3','https://app.agencyboz.com:4112/static/course/lessons/d1252790dc8/91e9d7e1-e28f-4e25-a378-3ed0c11fc56e.mp4',NULL,'VIDEO',1,480,848,NULL),('b6013fdf603','https://app.agencyboz.com:4112/static/galleries/bb3dc85b-fd41-495b-8b0d-dc629b2ab769.jpeg','cfb9b6013fd','IMAGE',4,1098,1080,NULL),('b67ce9eab66','https://app.agencyboz.com:4112/static/galleries/9d01963f-d28a-44f1-88d2-809ff5f709ae.png','078c704b67c','IMAGE',1,980,1920,NULL),('b811e41442b','https://app.agencyboz.com:4112/static/galleries/916120B7-9E1A-48D0-A18B-BA7153066AF8.jpg','41517cb811e','IMAGE',6,1489,1104,NULL),('b9b6013fdf6','https://app.agencyboz.com:4112/static/galleries/1f63c15d-a2a6-448c-9a4e-0c3d4d2ea79c.jpeg','cfb9b6013fd','IMAGE',2,1600,1200,NULL),('bdd88c55d83','https://app.agencyboz.com:4112/static/course/lessons/c0ff431affd/5148d433-b0a4-418e-b15d-a8c72f526e7f.jpeg',NULL,'IMAGE',1,576,1024,NULL),('be7d32ebef1','https://app.agencyboz.com:4112/static/course/lessons/d1252790dc8/91e9d7e1-e28f-4e25-a378-3ed0c11fc56e.mp4',NULL,'VIDEO',1,480,848,NULL),('bf4e4d98048','https://app.agencyboz.com:4112/static/galleries/7011ab84-3bbb-4e8c-bcfb-78c8638888cf.jpeg','66bf4e4d980','IMAGE',2,980,1920,NULL),('bfa130e67de','https://app.agencyboz.com:4112/static/course/lessons/d1067e28b98/4b144346-95b6-4bac-aafe-25f0da7ca7f2.jpeg',NULL,'IMAGE',1,576,1024,NULL),('c2503fe8809','https://app.agencyboz.com:4112/static/course/lessons/d1252790dc8/91e9d7e1-e28f-4e25-a378-3ed0c11fc56e.mp4',NULL,'VIDEO',1,480,848,NULL),('c2f76c3b028','https://app.agencyboz.com:4112/static/course/lessons/b9760a7f3db/8863508b-65a5-4784-987a-e11ddbd0f50e.jpeg',NULL,'IMAGE',1,608,1080,NULL),('c64041517cb','https://app.agencyboz.com:4112/static/galleries/8493897c-325b-4d6b-a86f-bbbe1193f23b.jpeg','2c64041517c','IMAGE',1,1024,1024,NULL),('c6bc92d5a6b','https://app.agencyboz.com:4112/static/course/lessons/d1252790dc8/91e9d7e1-e28f-4e25-a378-3ed0c11fc56e.mp4',NULL,'VIDEO',1,480,848,NULL),('c704b67ce9e','https://app.agencyboz.com:4112/static/galleries/a41af052-a416-4a89-bb71-a6d48a37ac62.jpeg','078c704b67c','IMAGE',1,980,1920,NULL),('c70a9c517b1','https://app.agencyboz.com:4112/static/course/lessons/d1252790dc8/91e9d7e1-e28f-4e25-a378-3ed0c11fc56e.mp4',NULL,'VIDEO',1,480,848,NULL),('cb811e41442','https://app.agencyboz.com:4112/static/galleries/05D7A6B2-06D3-4E27-B68A-F9974641D3A9.jpg','41517cb811e','IMAGE',5,1473,1169,NULL),('d83d263e7d5','https://app.agencyboz.com:4112/static/course/lessons/31affd1067e/74d8f1f2-8f12-4612-a12c-6ec19ba59b87.jpeg',NULL,'IMAGE',1,576,1024,NULL),('d88c55d83d2','https://app.agencyboz.com:4112/static/course/lessons/c0ff431affd/62c6d51c-47ea-48a2-987d-328891cf2fd4.mp4',NULL,'VIDEO',1,1080,1920,NULL),('d8942f0413a','https://app.agencyboz.com:4112/static/galleries/e4a199d0-dd66-4937-8f5b-abc1b420dd29.jpeg','0f6240b98f5','IMAGE',3,1600,1200,NULL),('d98048bfc2b','https://app.agencyboz.com:4112/static/galleries/e5720559-6b0d-4770-9af9-ace7245ea415.png','66bf4e4d980','IMAGE',7,980,1920,NULL),('dce898a5f0e','https://app.agencyboz.com:4112/static/galleries/07c1e1b5-a1b4-4696-ac97-0a177c90fa84.jpeg','817dce898a5','IMAGE',3,599,592,NULL),('df6030a7b97','https://app.agencyboz.com:4112/static/galleries/c0e7dc61-9b27-4ad0-a576-7bf89c1e264e.jpeg','cfb9b6013fd','IMAGE',10,1600,1200,NULL),('e2d1252790d','https://app.agencyboz.com:4112/static/galleries/934da790-4b72-468b-bca7-1d0b232d75f6.png','8e2d1252790','IMAGE',1,2400,1080,NULL),('e41442b537e','https://app.agencyboz.com:4112/static/galleries/B59A6CAF-E32D-4C7C-9940-A395D4E5F083.jpg','41517cb811e','IMAGE',10,1575,1242,NULL),('e4d98048bfc','https://app.agencyboz.com:4112/static/galleries/df8210c0-e538-43f5-8e53-49071c1b2a38.png','66bf4e4d980','IMAGE',5,980,1920,NULL),('e5755bfd1e7','https://app.agencyboz.com:4112/static/course/lessons/d1252790dc8/9e42e8b9-0cde-42c3-9fef-74045f4eb64a.mp4',NULL,'VIDEO',1,1,1,NULL),('e6704570572','https://app.agencyboz.com:4112/static/galleries/5ef53000-3f68-4d06-b479-dca54141fe39.mp4','9b3e6704570','VIDEO',1,980,1920,NULL),('e67ded2503f','https://app.agencyboz.com:4112/static/course/lessons/64041517cb8/94a33abd-75a3-4947-9f54-f9d1e01f4bf8.jpeg',NULL,'IMAGE',1,576,1024,NULL),('ed2503fc54d','https://app.agencyboz.com:4112/static/course/lessons/64041517cb8/36142be7-4468-40f2-9ca9-f64d3d0a2948.jpeg',NULL,'IMAGE',1,576,1024,NULL),('edc439e9f0f','https://app.agencyboz.com:4112/static/course/lessons/a7ddbe007da/4229ff94-a752-4feb-94dd-61fabd6ea3bd.jpeg',NULL,'IMAGE',1,540,960,NULL),('f39d1459af0','https://app.agencyboz.com:4112/static/galleries/1145c3a9-1095-4459-bdf5-14f54660fc05.jpeg','ef39d1459af','IMAGE',1,1172,1080,NULL),('f4e4d98048b','https://app.agencyboz.com:4112/static/galleries/c6b9e0cc-d8b1-4771-a584-aa8ba7658f82.jpeg','66bf4e4d980','IMAGE',3,980,1920,NULL),('f6030a7b976','https://app.agencyboz.com:4112/static/galleries/8c3c8616-8949-4698-8a89-2204fa71af2b.jpeg','cfb9b6013fd','IMAGE',11,1093,1080,NULL),('f6240b98f5e','https://app.agencyboz.com:4112/static/galleries/ea1c1d05-a0e4-4c77-b242-799f43a81bd5.jpeg','0f6240b98f5','IMAGE',1,980,1920,NULL),('f76c3b02817','https://app.agencyboz.com:4112/static/course/lessons/b9760a7f3db/e1994660-a585-4ddd-a007-714f903614a2.jpeg',NULL,'IMAGE',1,507,899,NULL),('fa12ab3ceeb','https://app.agencyboz.com:4112/static/course/lessons/d1252790dc8/91e9d7e1-e28f-4e25-a378-3ed0c11fc56e.mp4',NULL,'VIDEO',1,480,848,NULL),('fb9b6013fdf','https://app.agencyboz.com:4112/static/galleries/2cecda97-08e8-40f3-8fb4-f12c9a8cf7b5.jpeg','cfb9b6013fd','IMAGE',1,1600,1200,NULL),('fd1067e28b9','https://app.agencyboz.com:4112/static/galleries/874bd9a8-e0c8-4b1b-92dc-fff9acdd3c50.jpeg','ffd1067e28b','IMAGE',1,1024,1024,NULL),('fdf6030a7b9','https://app.agencyboz.com:4112/static/galleries/01e7d316-f3f6-4479-9221-53e8b9a6f248.jpeg','cfb9b6013fd','IMAGE',9,1172,1080,NULL),('ff77dd73799','https://app.agencyboz.com:4112/static/course/lessons/708477a50af/93220986-0abd-487f-85dd-b205daa5903c.jpeg',NULL,'IMAGE',1,405,720,NULL);
/*!40000 ALTER TABLE `Media` ENABLE KEYS */;
UNLOCK TABLES;

--
-- Dumping data for table `Message`
--

LOCK TABLES `Message` WRITE;
/*!40000 ALTER TABLE `Message` DISABLE KEYS */;
INSERT INTO `Message` (`id`, `text`, `datetime`, `user_id`, `video_id`, `video_timestamp`, `chat_id`) VALUES ('0b26de2996d','Obrigado! DA LIKE E SE INSCREVE!!!','1714151893255','877cf1e8a6b',NULL,NULL,'a6b9c0ff431'),('9a4949d09ab','teste','1714399768519','0791fed88bb',NULL,NULL,'4041517cb81'),('a4949d09ab0','alo','1714399930603','0791fed88bb',NULL,NULL,'1067e28b98c'),('acf5a08ebf8','alo galera de piao alo galera de cowboy quem gosta de rodeio bate forte com a mao','1714418395160','0791fed88bb',NULL,NULL,'1067e28b98c'),('d790b26de29','Topperson','1714150797851','bb17036e7b8',NULL,NULL,'a6b9c0ff431');
/*!40000 ALTER TABLE `Message` ENABLE KEYS */;
UNLOCK TABLES;

--
-- Dumping data for table `Paymentcard`
--

LOCK TABLES `Paymentcard` WRITE;
/*!40000 ALTER TABLE `Paymentcard` DISABLE KEYS */;
INSERT INTO `Paymentcard` (`id`, `number`, `owner`, `validity`, `cvc`, `type`, `user_id`, `bank`, `flag`) VALUES (1,'5502095079113306','Fernando Burgos','02/31','367','CREDIT','bb17036e7b8','Nu Pagamentos Sa','mastercard'),(3,'2306500954860832','Fernando Burgos','11/29','941','CREDIT','bb17036e7b8','Banco Inter S.A.','mastercard'),(6,'5233900894986784','Seila Sei La','10/24','596','DEBIT','bb17036e7b8',NULL,NULL),(7,'4539620659922099','Francieli Celeghim Silva','12/26','123','DEBIT','2f413a52a07',NULL,NULL),(11,'2340741671435026','Tais Goulart','05/29','521','CREDIT','b9d0afd9874','Picpay Bank Banco Multiplo S A','mastercard');
/*!40000 ALTER TABLE `Paymentcard` ENABLE KEYS */;
UNLOCK TABLES;

--
-- Dumping data for table `Plan`
--

LOCK TABLES `Plan` WRITE;
/*!40000 ALTER TABLE `Plan` DISABLE KEYS */;
INSERT INTO `Plan` (`id`, `name`, `price`, `duration`, `description`) VALUES (1,'Plano Gratuito',0,'31536000000',''),(2,'Plano Premium',199.99,'31536000000','');
/*!40000 ALTER TABLE `Plan` ENABLE KEYS */;
UNLOCK TABLES;

--
-- Dumping data for table `PlanContract`
--

LOCK TABLES `PlanContract` WRITE;
/*!40000 ALTER TABLE `PlanContract` DISABLE KEYS */;
INSERT INTO `PlanContract` (`id`, `start_date`, `end_date`, `paid`, `plan_id`, `user_id`) VALUES (14,'1713280386479','1744816386479',199.99,2,'2f413a52a07'),(17,'1714151956183','1745687956183',199.99,2,'b9d0afd9874'),(19,'1714154883239','1745690883239',0,1,'bb17036e7b8');
/*!40000 ALTER TABLE `PlanContract` ENABLE KEYS */;
UNLOCK TABLES;

--
-- Dumping data for table `Role`
--

LOCK TABLES `Role` WRITE;
/*!40000 ALTER TABLE `Role` DISABLE KEYS */;
INSERT INTO `Role` (`id`, `permissions_id`, `name`) VALUES (1,1,'padrão');
/*!40000 ALTER TABLE `Role` ENABLE KEYS */;
UNLOCK TABLES;

--
-- Dumping data for table `Student`
--

LOCK TABLES `Student` WRITE;
/*!40000 ALTER TABLE `Student` DISABLE KEYS */;
INSERT INTO `Student` (`id`, `user_id`) VALUES ('b0791fed88b','0791fed88bb'),('f1e8a6b9c0f','1e8a6b9c0ff'),('a2f413a52a0','2f413a52a07'),('362ebeb9bbc','62ebeb9bbc8'),('67515f30527','7515f305275'),('e877cf1e8a6','877cf1e8a6b'),('d90f6240b98','90f6240b98f'),('5b4384400f4','b4384400f43'),('cb9d0afd987','b9d0afd9874'),('8bb17036e7b','bb17036e7b8'),('5bd9cc4e862','bd9cc4e862e'),('0cb0791fed8','cb0791fed88'),('3cd90f6240b','cd90f6240b9');
/*!40000 ALTER TABLE `Student` ENABLE KEYS */;
UNLOCK TABLES;

--
-- Dumping data for table `User`
--

LOCK TABLES `User` WRITE;
/*!40000 ALTER TABLE `User` DISABLE KEYS */;
INSERT INTO `User` (`id`, `username`, `email`, `password`, `name`, `cpf`, `birth`, `phone`, `pronoun`, `image`, `google_id`, `google_token`, `admin`, `bio`, `cover`, `uf`, `role_id`, `instagram`, `profession`, `tiktok`, `created_at`) VALUES ('0791fed88bb','Oderfla','alfredo@agenciaboz.com.br','Testando1','Alfredo ','06271860923','','','',NULL,NULL,NULL,0,'',NULL,'',1,'','','',''),('1e8a6b9c0ff','vitoriah','vi@agenciaboz.com.br','Vitoria22','vitoria','10132771985','856580400000','41992215868','her','https://app.agencyboz.com:4112/static/users/1e8a6b9c0ff/4cbf5784-c600-40d5-a199-940dc260ad91.jpeg',NULL,NULL,0,'','https://app.agencyboz.com:4112/static/users/1e8a6b9c0ff/034c13ee-08fa-4f64-b80c-8bb46714588f.jpeg','PR',1,'','estagiaria','',''),('2f413a52a07','Fran','francieliceleghim2013@gmail.com','123','Francieli Celeghim','07772274955','650775600000','41991371739','her','https://app.agencyboz.com:4112/static/users/2f413a52a07/d9ac84dd-1283-406d-9745-2c682950bfd2.jpeg',NULL,NULL,0,'Oi, Sou de Sao Jose dos Pinhais e faço teste de software e quero aprender a maquiar, quero sair bem bonita, e gastar pouco dinheiro.','https://app.agencyboz.com:4112/static/users/2f413a52a07/8ff05d5a-e5c9-4b8a-9cd3-d403a91cd4eb.jpeg','PR',1,'francieli_celeghim','QA Tester','Fran',''),('62ebeb9bbc8','duh','bababa@jduis.con','12345678aB','Teste Bug Mentiroso','67258109005','','','',NULL,NULL,NULL,0,'',NULL,'',1,'','','',''),('7515f305275','usertest','usuarioteste@agenciaboz.com.br','BOZ','Usuário Teste','17350185030','1143255600000','41991117713','him',NULL,NULL,NULL,0,'',NULL,'PR',1,'','Testador','',''),('877cf1e8a6b','Bruno','bh@agenciazop.com.br','BHzop1923','Bruno Funes','82273697074','','','him','https://app.agencyboz.com:4112/static/users/877cf1e8a6b/c1bb402e-d40f-4d68-ab46-bdd5b70fb2ed.jpeg',NULL,NULL,0,'','https://app.agencyboz.com:4112/static/users/877cf1e8a6b/0dfb9ddb-5b20-48f5-b5c2-9e3a4ba38494.jpeg','',1,'','','',''),('90f6240b98f','Karendias','karen-dias@tuamaeaquelaursa.com','5cD12345','Karen Dias','06628012026','1079406000000','41991371739','her','https://app.agencyboz.com:4112/static/users/90f6240b98f/5e3a036e-76ac-4dc3-999d-a833d9bd3ca9.jpeg',NULL,NULL,0,'',NULL,'PR',1,'Karendias','QA','karen',''),('b4384400f43','franteste','francieliceleghim2017@gmail.com','5A43a82122','Francieli Celeghim SILVA','08489209022','1079406000000','41991371739','her',NULL,NULL,NULL,0,'',NULL,'MG',1,'fran','Teste','fran',''),('b9d0afd9874','tainara','tainara.sba@gmail.com','Tainara141','Tainara Novaes','07903209590','959569200000','41992752905','her','https://app.agencyboz.com:4112/static/users/b9d0afd9874/0FEF43F0-FA5E-45EC-BC38-EFE993BE9FB2.png',NULL,NULL,0,'',NULL,'BA',1,'tainara.sn','Artista ','',''),('bb17036e7b8','burgos','fernando@agenciaboz.com.br','Testando1','Fernando Burgos','02576698506','902113200000','41984556795','him','https://app.agencyboz.com:4112/static/users/bb17036e7b8/6ca10b9c-fbd3-49be-8525-ab889cd18db5.jpeg',NULL,NULL,1,'Poucos ingredientes são necessários para preparar esta massa gulosa que vai agradar os jovens e adultos. Estas receitas simples são dedicadas a quem tem pouco tempo para cozinhar.\n\nVocê vai precisar de: uma colher de margarina, molho, colorau e óleo. Juntando todos esses ingredientes em uma panela, o almoço fica garantido.','https://app.agencyboz.com:4112/static/users/bb17036e7b8/262F70AD-42A3-4A4C-BEB8-04FFF2222CC5.jpg','PR',1,'nandoburgos','Desenvolvedor','lorrainebertoline',''),('bd9cc4e862e','trouxao','pablomarcao@gmail.com','Trouxa123','Pablo Marçal','62090036052','637902000000','41999999999','him',NULL,NULL,NULL,0,'',NULL,'SP',1,'pablomarcal1','Enganador de trouxa','',''),('cb0791fed88','miza','mizael@agenciaboz.com.br','132456yuU','Mizael','05572869996','904618800000','41999750185','him',NULL,NULL,NULL,0,'',NULL,'PR',1,'','Webdesigner','',''),('cd90f6240b9','Carol','francieli@agenciazop.com.br','5b489255A','Carol Maciel','15591496040','795322800000','41991371739','her',NULL,NULL,NULL,0,'',NULL,'PR',1,'Carolsilva','Modelo','ana','');
/*!40000 ALTER TABLE `User` ENABLE KEYS */;
UNLOCK TABLES;

--
-- Dumping data for table `_CategoryToCourse`
--

LOCK TABLES `_CategoryToCourse` WRITE;
/*!40000 ALTER TABLE `_CategoryToCourse` DISABLE KEYS */;
INSERT INTO `_CategoryToCourse` (`A`, `B`) VALUES ('29383f7d8f36','31affd1067e'),('29383f7d8f36','64041517cb8'),('29383f7d8f36','8c32c640415'),('29383f7d8f36','c0ff431affd'),('29383f7d8f36','d1067e28b98'),('29383f7d8f36','e28b98c32c6'),('29383f7d8f37','2426c2cbdd8'),('29383f7d8f37','8a6b9c0ff43'),('29383f7d8f38','8a6b9c0ff43');
/*!40000 ALTER TABLE `_CategoryToCourse` ENABLE KEYS */;
UNLOCK TABLES;

--
-- Dumping data for table `_CategoryToCreator`
--

LOCK TABLES `_CategoryToCreator` WRITE;
/*!40000 ALTER TABLE `_CategoryToCreator` DISABLE KEYS */;
/*!40000 ALTER TABLE `_CategoryToCreator` ENABLE KEYS */;
UNLOCK TABLES;

--
-- Dumping data for table `_CourseToCreator`
--

LOCK TABLES `_CourseToCreator` WRITE;
/*!40000 ALTER TABLE `_CourseToCreator` DISABLE KEYS */;
/*!40000 ALTER TABLE `_CourseToCreator` ENABLE KEYS */;
UNLOCK TABLES;

--
-- Dumping data for table `_CourseToRole`
--

LOCK TABLES `_CourseToRole` WRITE;
/*!40000 ALTER TABLE `_CourseToRole` DISABLE KEYS */;
INSERT INTO `_CourseToRole` (`A`, `B`) VALUES ('2426c2cbdd8',1),('31affd1067e',1),('64041517cb8',1),('8a6b9c0ff43',1),('8c32c640415',1),('b537e7b73af',1),('c0ff431affd',1),('d1067e28b98',1),('e28b98c32c6',1);
/*!40000 ALTER TABLE `_CourseToRole` ENABLE KEYS */;
UNLOCK TABLES;

--
-- Dumping data for table `_CourseToStudent`
--

LOCK TABLES `_CourseToStudent` WRITE;
/*!40000 ALTER TABLE `_CourseToStudent` DISABLE KEYS */;
/*!40000 ALTER TABLE `_CourseToStudent` ENABLE KEYS */;
UNLOCK TABLES;

--
-- Dumping data for table `_CourseToUser`
--

LOCK TABLES `_CourseToUser` WRITE;
/*!40000 ALTER TABLE `_CourseToUser` DISABLE KEYS */;
INSERT INTO `_CourseToUser` (`A`, `B`) VALUES ('2426c2cbdd8','0791fed88bb'),('2426c2cbdd8','1e8a6b9c0ff'),('2426c2cbdd8','877cf1e8a6b'),('2426c2cbdd8','b9d0afd9874'),('2426c2cbdd8','bb17036e7b8'),('31affd1067e','0791fed88bb'),('31affd1067e','1e8a6b9c0ff'),('31affd1067e','877cf1e8a6b'),('31affd1067e','b9d0afd9874'),('31affd1067e','bb17036e7b8'),('64041517cb8','0791fed88bb'),('64041517cb8','b9d0afd9874'),('64041517cb8','bb17036e7b8'),('8a6b9c0ff43','1e8a6b9c0ff'),('8a6b9c0ff43','877cf1e8a6b'),('8a6b9c0ff43','b9d0afd9874'),('8a6b9c0ff43','bb17036e7b8'),('8c32c640415','0791fed88bb'),('8c32c640415','877cf1e8a6b'),('8c32c640415','b9d0afd9874'),('8c32c640415','bb17036e7b8'),('b537e7b73af','0791fed88bb'),('b537e7b73af','1e8a6b9c0ff'),('b537e7b73af','877cf1e8a6b'),('b537e7b73af','b9d0afd9874'),('b537e7b73af','bb17036e7b8'),('c0ff431affd','0791fed88bb'),('c0ff431affd','bb17036e7b8'),('d1067e28b98','877cf1e8a6b'),('d1067e28b98','b9d0afd9874'),('d1067e28b98','bb17036e7b8'),('e28b98c32c6','0791fed88bb'),('e28b98c32c6','1e8a6b9c0ff'),('e28b98c32c6','bb17036e7b8');
/*!40000 ALTER TABLE `_CourseToUser` ENABLE KEYS */;
UNLOCK TABLES;

--
-- Dumping data for table `_LessonToUser`
--

LOCK TABLES `_LessonToUser` WRITE;
/*!40000 ALTER TABLE `_LessonToUser` DISABLE KEYS */;
INSERT INTO `_LessonToUser` (`A`, `B`) VALUES ('3afd790b26d','1e8a6b9c0ff'),('3afd790b26d','b9d0afd9874'),('3afd790b26d','bb17036e7b8'),('c2cbdd88c55','1e8a6b9c0ff'),('c2cbdd88c55','877cf1e8a6b'),('d263e7d5859','bb17036e7b8'),('e7b73afd790','bb17036e7b8');
/*!40000 ALTER TABLE `_LessonToUser` ENABLE KEYS */;
UNLOCK TABLES;

--
-- Dumping data for table `_downloads-relation`
--

LOCK TABLES `_downloads-relation` WRITE;
/*!40000 ALTER TABLE `_downloads-relation` DISABLE KEYS */;
/*!40000 ALTER TABLE `_downloads-relation` ENABLE KEYS */;
UNLOCK TABLES;

--
-- Dumping data for table `_favorite_courses`
--

LOCK TABLES `_favorite_courses` WRITE;
/*!40000 ALTER TABLE `_favorite_courses` DISABLE KEYS */;
INSERT INTO `_favorite_courses` (`A`, `B`) VALUES ('8a6b9c0ff43','877cf1e8a6b'),('8a6b9c0ff43','bb17036e7b8');
/*!40000 ALTER TABLE `_favorite_courses` ENABLE KEYS */;
UNLOCK TABLES;

--
-- Dumping data for table `_favorite_creators`
--

LOCK TABLES `_favorite_creators` WRITE;
/*!40000 ALTER TABLE `_favorite_creators` DISABLE KEYS */;
/*!40000 ALTER TABLE `_favorite_creators` ENABLE KEYS */;
UNLOCK TABLES;

--
-- Dumping data for table `_prisma_migrations`
--

LOCK TABLES `_prisma_migrations` WRITE;
/*!40000 ALTER TABLE `_prisma_migrations` DISABLE KEYS */;
INSERT INTO `_prisma_migrations` (`id`, `checksum`, `finished_at`, `migration_name`, `logs`, `rolled_back_at`, `started_at`, `applied_steps_count`) VALUES ('05d80d88-d529-459b-b26a-a88b07d17fc9','1cf0a4a37e0433e671210c821fe2f8aaee899fc6bba8708e94ef674049c82622','2024-04-17 01:18:59.512','20240417011859_media_dimensions',NULL,NULL,'2024-04-17 01:18:59.389',1),('06d90595-9473-41db-ac98-721602e88feb','a1190c39cf1dd68f40a51a63c8438ea4e85d35f98e7e98f1325f3d7cf011ef97','2024-04-20 03:15:57.639','20240420031557_chat_user',NULL,NULL,'2024-04-20 03:15:57.502',1),('0f0ad842-8f6d-4d55-a9f2-bd4b1c8f6864','ea5c25feeb76888a336b76720e18900c8809bb61b3bc829f15300bffba1375ad','2024-04-15 03:10:58.640','20240306174927_user_creator_id',NULL,NULL,'2024-04-15 03:10:58.574',1),('1fbec342-5a0b-4c71-a596-847796db09bb','b2031e53c2ac5393471e279d580b7629a5003b95123df9c0584c6f4749667117','2024-04-15 02:40:50.052','20240415024050_course_price',NULL,NULL,'2024-04-15 02:40:50.031',1),('254a0a04-5e0e-480d-b6ce-583fc34d1c2a','0e31bf5dd2124b3dd526b439ae4253beea27dfb4814d8c722cb569b3e4dfa2b9','2024-04-15 23:40:16.198','20240415234016_gallery_media_type',NULL,NULL,'2024-04-15 23:40:16.130',1),('2c35c5f5-8b6c-4b67-bb3d-06b16953f929','9a7a73d4aeed410dad4642c0244735db5e57c7f8c14453f4490c8d52af4611e0','2024-04-14 07:01:50.009','20240414035023_plan_history',NULL,NULL,'2024-04-14 07:01:49.914',1),('2ff5f0c9-d090-4fa7-ace3-412cbb4b29b7','d7262cef61300867bd919e0debebb55ded54062fb44feeadafe3d51e5edd0835','2024-04-14 07:01:49.504','20240320150958_chat',NULL,NULL,'2024-04-14 07:01:49.351',1),('33154e30-baca-4f3f-a7ff-679c124cd3a7','ce1433f7321f14d0d900dfbaa74359bd38498c9f24442c383b13f1d91a0520d4','2024-04-14 07:01:48.545','20240214184508_update',NULL,NULL,'2024-04-14 07:01:48.534',1),('335f7ea5-589c-493d-9fe6-245f4599ec21','429b68dca2f23dc0a793bda34268834da37ce7037a8436a60e2ef8ba72b96b74','2024-04-17 00:45:00.727','20240417004500_media_position',NULL,NULL,'2024-04-17 00:45:00.664',1),('33c1a840-92dc-4ce2-9467-210f6123debf','a42d41fc113e712a2217ffd4a4dfe4e10b8060fd7667a9a60b2907fce54e5e42','2024-04-14 07:01:48.533','20240214182825_update',NULL,NULL,'2024-04-14 07:01:48.207',1),('350ed605-92a8-4a87-adf7-b826ef051aec','cfaacb5d1df76a3909ec2b7cd35a4d4f227f00363dab1e9c4896d1811b58a30b','2024-04-17 02:14:00.747','20240417021400_lesson_data',NULL,NULL,'2024-04-17 02:14:00.405',1),('400e2691-d774-4585-ada2-83dba2aac4be','5984403633068f5e5ba7913db4307abbe0867d89b5f46c50dfc6b0de7d2d5af4','2024-04-14 07:01:48.205','20240214153344_init',NULL,NULL,'2024-04-14 07:01:48.148',1),('4701ce0a-6193-4460-a50d-45838884a170','35290da459e8af9bb86214dc93ffa1b2edf46a003fa5a9383099db681214d3f3','2024-04-19 22:50:43.505','20240419225043_course_roles',NULL,NULL,'2024-04-19 22:50:43.383',1),('47e5ad9e-c44b-4d07-be51-8ffdc00e5f32','4187372ec0acf294fc64200adec936eea241e0a8db94581f92e9afa4da24429b','2024-04-15 03:11:00.746','20240414052249_card_type_enum',NULL,NULL,'2024-04-15 03:11:00.680',1),('497ccadc-1e7a-42d9-a80f-42066855517d','05b3379f1097c6a9d79a18077c98f6ffd694ef03c18a241ac39ae1c7b42ed005','2024-04-15 03:11:00.300','20240414015903_plan',NULL,NULL,'2024-04-15 03:11:00.214',1),('4cd8869c-237f-435b-9c3c-3f1762f07aa9','500fdad6194b4dc1bee02861c462bd0a864bb652e81f00d90209a70ef6bbe3d9','2024-04-17 12:48:31.293','20240417124831_user_cpf_unique',NULL,NULL,'2024-04-17 12:48:31.214',1),('5442ea22-f481-446f-ac0f-9546af5697d4','b6c68f1bd3c9e54e3d25e9a903dcb714aee5a70333206bb7f547350ce2066b72','2024-04-15 03:11:00.203','20240327195805_course_fix_user_relationship',NULL,NULL,'2024-04-15 03:11:00.134',1),('54b045fa-3b2f-43f1-932e-fa8917e02f92','9ff41ce66a152412ccfec939023386da41521c6157607fc0ae5a5c073304d784','2024-04-14 07:01:48.909','20240312160812_roles',NULL,NULL,'2024-04-14 07:01:48.773',1),('5aa51e43-878e-49e5-bc63-d64acdb7cb01','6398269a86c2ac8760e3af637f858507e6645720a531f80cefeebda66dea5ab8','2024-04-14 07:01:49.549','20240320165502_course',NULL,NULL,'2024-04-14 07:01:49.506',1),('5f3e2bda-8716-4b3d-b96e-c804a6996be2','e87a5103c2507d42d92375e2b51b037e4923ce6e803df47b62a505785842971e','2024-04-15 03:11:00.446','20240414025234_plan_contract',NULL,NULL,'2024-04-15 03:11:00.317',1),('5f5f4416-ef08-4625-aa98-779445742494','2b05642a89f300c2c5174df215f455124b5b0f42b2c2ac400bc528e18763ea3f','2024-04-17 02:20:16.205','20240417022016_lesson_thumb',NULL,NULL,'2024-04-17 02:20:16.116',1),('66cfed74-5f74-45b6-b94f-490dfd9f4816','3a8b08391f8979a8caf24ca4b1f1335865efe5b34ef7a2fa5c707a8142e63660','2024-04-15 03:11:00.793','20240414061210_card_bank',NULL,NULL,'2024-04-15 03:11:00.757',1),('6bc8a7c2-f2ea-49a2-8b78-45f13a24c1b8','d51e796474189ee15728405edfb97bf598a2d3687d42f022ab86676ea85dfad3','2024-04-14 07:01:49.913','20240414034338_plan_history',NULL,NULL,'2024-04-14 07:01:49.871',1),('6d2170b5-7dea-40f4-8e91-d2f319c62400','ef08b637f7a997e3e25c9b21b44fecb5f43fa563ac22e79a4bd782b0a1d395ca','2024-04-14 07:01:49.622','20240320182304_lessons',NULL,NULL,'2024-04-14 07:01:49.550',1),('6d648fc2-bea1-45bf-bfd0-fe3deee8a4d1','0fb600e7eecce8e4c40ead683bee596aa4f47daaeb4545274801069438294984','2024-04-15 03:10:58.922','20240312160657_roles',NULL,NULL,'2024-04-15 03:10:58.839',1),('6ec07f2c-c584-458f-bf33-b90d39cda87a','30a1911891925eccc215a032b5fc6b4f3fc2e9bb99fdb405e046e13cb65eb401','2024-04-26 17:06:57.560','20240426170657_user_created_at',NULL,NULL,'2024-04-26 17:06:57.470',1),('7113346c-3762-4daf-89f3-e38f0b0912cb','e87a5103c2507d42d92375e2b51b037e4923ce6e803df47b62a505785842971e','2024-04-14 07:01:49.869','20240414025234_plan_contract',NULL,NULL,'2024-04-14 07:01:49.749',1),('75376f65-c5ae-413e-99d7-0ec7e772745e','b6c68f1bd3c9e54e3d25e9a903dcb714aee5a70333206bb7f547350ce2066b72','2024-04-14 07:01:49.673','20240327195805_course_fix_user_relationship',NULL,NULL,'2024-04-14 07:01:49.624',1),('7a1b08ca-6019-4792-806a-011720136dc4','19ee9369e23f83d479ed92b1d32494267d900dc191bfe084908a5dad8082a8d1','2024-04-14 07:01:48.586','20240216143717_paymentcard',NULL,NULL,'2024-04-14 07:01:48.547',1),('81269b30-2c42-4bee-9061-92a89aa82abb','a42d41fc113e712a2217ffd4a4dfe4e10b8060fd7667a9a60b2907fce54e5e42','2024-04-15 03:10:58.409','20240214182825_update',NULL,NULL,'2024-04-15 03:10:57.968',1),('8671f844-d059-4d6f-93d5-85cebc78a65f','8dc2956b4374741ace9b90c926580b0319fcdb2b2928d67d3d9aec6caee42850','2024-04-15 03:11:00.867','20240414070154_card_id_type',NULL,NULL,'2024-04-15 03:11:00.804',1),('89b7ee3d-e1fa-4608-bbff-1aed5a40f8e8','396b0edcd3717fb8c9864405c7112713bde33e7cf19124bdb48e3f28d4f3e880','2024-04-15 03:10:59.697','20240318125411_fix_wrong_logic',NULL,NULL,'2024-04-15 03:10:59.648',1),('9347e251-9a4c-445d-9b0e-91f9d2ecf58f','8dc2956b4374741ace9b90c926580b0319fcdb2b2928d67d3d9aec6caee42850','2024-04-14 07:01:54.331','20240414070154_card_id_type',NULL,NULL,'2024-04-14 07:01:54.287',1),('9590610f-fd09-40f3-a5f3-157b2ca787cf','4187372ec0acf294fc64200adec936eea241e0a8db94581f92e9afa4da24429b','2024-04-14 07:01:50.040','20240414052249_card_type_enum',NULL,NULL,'2024-04-14 07:01:50.011',1),('98ffdbb0-51fd-44a6-9570-1c985fdf56fa','96c340afaede35472ad85a3b1c398a2ea155b33ff3cdaa172169d6cb5f4c8d65','2024-04-26 17:14:18.851','20240426171418_user_created_at_optional',NULL,NULL,'2024-04-26 17:14:18.789',1),('9f1ef3fa-cdad-4916-9791-0ecd526b017e','6369cdbf96d19d006c831f8d0cd92e6a3f19c4335b9010ba6ac386e761ff553a','2024-05-02 15:14:33.105','20240502151433_course_and_lesson_status',NULL,NULL,'2024-05-02 15:14:33.033',1),('9fb5e94d-a16a-4c66-b3c0-eafa7bb2efeb','aebda22cbcef890c012ed7c6ee34e6cc64dd4f9ade58d5b086b7c97be19b31aa','2024-04-15 03:10:59.637','20240315170848_schema',NULL,NULL,'2024-04-15 03:10:59.131',1),('a552e656-b52f-4988-930a-cf82754d7fa3','05b3379f1097c6a9d79a18077c98f6ffd694ef03c18a241ac39ae1c7b42ed005','2024-04-14 07:01:49.747','20240414015903_plan',NULL,NULL,'2024-04-14 07:01:49.675',1),('a7323d7f-da9d-46c4-80f4-dc68b3033b37','4cc9e7c153832353290271ededc6c1fb09c469d467a7ffa405a454f0bb30e7ab','2024-04-15 17:48:12.750','20240415174812_gallery_media',NULL,NULL,'2024-04-15 17:48:12.586',1),('ad671b33-3205-4031-8249-67da284bb75a','8cd52cbfdc1d860cbde217e5957534da29d463ea3971958db246679453844110','2024-04-14 07:01:48.707','20240306183723_user_student',NULL,NULL,'2024-04-14 07:01:48.605',1),('b18c23c1-4738-40de-bf0f-74d19b471a61','ce1433f7321f14d0d900dfbaa74359bd38498c9f24442c383b13f1d91a0520d4','2024-04-15 03:10:58.466','20240214184508_update',NULL,NULL,'2024-04-15 03:10:58.421',1),('b53b84d4-d7d9-4a67-84bd-35cf3102739b','d51e796474189ee15728405edfb97bf598a2d3687d42f022ab86676ea85dfad3','2024-04-15 03:11:00.521','20240414034338_plan_history',NULL,NULL,'2024-04-15 03:11:00.457',1),('b861a6e8-e8b7-4d1f-aca4-9e6875e0f288','19ee9369e23f83d479ed92b1d32494267d900dc191bfe084908a5dad8082a8d1','2024-04-15 03:10:58.559','20240216143717_paymentcard',NULL,NULL,'2024-04-15 03:10:58.481',1),('bced8bae-d960-42af-9889-7d77fa4e0157','8cd52cbfdc1d860cbde217e5957534da29d463ea3971958db246679453844110','2024-04-15 03:10:58.827','20240306183723_user_student',NULL,NULL,'2024-04-15 03:10:58.652',1),('c11fd8da-cfc6-435a-ae7d-0a0000299573','9ff41ce66a152412ccfec939023386da41521c6157607fc0ae5a5c073304d784','2024-04-15 03:10:59.120','20240312160812_roles',NULL,NULL,'2024-04-15 03:10:58.936',1),('c2e28b75-956e-4741-a4df-320fb8df7fa9','0fb600e7eecce8e4c40ead683bee596aa4f47daaeb4545274801069438294984','2024-04-14 07:01:48.770','20240312160657_roles',NULL,NULL,'2024-04-14 07:01:48.709',1),('c36cef19-a850-45d3-8ef9-deeb2ede9ce0','6398269a86c2ac8760e3af637f858507e6645720a531f80cefeebda66dea5ab8','2024-04-15 03:11:00.004','20240320165502_course',NULL,NULL,'2024-04-15 03:10:59.938',1),('c3bb3263-69a9-4d11-9c0a-8e6004624587','72642f4e38ba3b5f12491c94982d9e7ad582edb375fa4ca3d2235a17e03d53b3','2024-04-15 12:21:03.540','20240415122103_creator_images',NULL,NULL,'2024-04-15 12:21:03.452',1),('c40e1fd8-927e-4d3c-aa2f-8d8050fec199','ea5c25feeb76888a336b76720e18900c8809bb61b3bc829f15300bffba1375ad','2024-04-14 07:01:48.603','20240306174927_user_creator_id',NULL,NULL,'2024-04-14 07:01:48.587',1),('ce8c77fe-99e6-4eec-bcba-5b23af9c7c1d','cf8a548ba790c393d49b73ecf63f9fd9c0008c0144384537a89f7ef42c9fdd9e','2024-04-16 01:24:11.040','20240416012410_course_cover_type',NULL,NULL,'2024-04-16 01:24:10.962',1),('ceb8b244-0980-473c-85d3-fddb225280a3','ef08b637f7a997e3e25c9b21b44fecb5f43fa563ac22e79a4bd782b0a1d395ca','2024-04-15 03:11:00.118','20240320182304_lessons',NULL,NULL,'2024-04-15 03:11:00.015',1),('da78456a-ef1e-44bd-a35e-93f189f5ad25','9a7a73d4aeed410dad4642c0244735db5e57c7f8c14453f4490c8d52af4611e0','2024-04-15 03:11:00.669','20240414035023_plan_history',NULL,NULL,'2024-04-15 03:11:00.534',1),('dac721bd-6727-442a-9e4d-a83b7015f344','396b0edcd3717fb8c9864405c7112713bde33e7cf19124bdb48e3f28d4f3e880','2024-04-14 07:01:49.349','20240318125411_fix_wrong_logic',NULL,NULL,'2024-04-14 07:01:49.329',1),('e1df29c1-3739-4b2b-b54a-e6a809ef6eb5','423054ea12f85a7617c47d0b6e3a825d8a5eb027521dc6222f3f8686a2ba4837','2024-04-18 17:50:52.021','20240418175051_course_stats',NULL,NULL,'2024-04-18 17:50:51.872',1),('e6ff9525-a635-4ffe-bb8f-35d89c34c486','e15dcdb47f24d4ed6ee3506b408669f1f83b2413e2857e25d2d122243268a70e','2024-05-02 14:45:17.797','20240502144517_course_and_lesson_status',NULL,NULL,'2024-05-02 14:45:17.702',1),('ec3107a2-4522-4b5a-a016-c43d115b96a0','5984403633068f5e5ba7913db4307abbe0867d89b5f46c50dfc6b0de7d2d5af4','2024-04-15 03:10:57.946','20240214153344_init',NULL,NULL,'2024-04-15 03:10:57.821',1),('ecba32a1-44fe-442e-931c-c5d62e5249a0','aebda22cbcef890c012ed7c6ee34e6cc64dd4f9ade58d5b086b7c97be19b31aa','2024-04-14 07:01:49.328','20240315170848_schema',NULL,NULL,'2024-04-14 07:01:48.911',1),('edbd12e9-6f97-4b77-bab1-69fb174fd650','d7262cef61300867bd919e0debebb55ded54062fb44feeadafe3d51e5edd0835','2024-04-15 03:10:59.924','20240320150958_chat',NULL,NULL,'2024-04-15 03:10:59.708',1),('f082b303-324b-452e-8d03-986a44778c40','3a8b08391f8979a8caf24ca4b1f1335865efe5b34ef7a2fa5c707a8142e63660','2024-04-14 07:01:50.054','20240414061210_card_bank',NULL,NULL,'2024-04-14 07:01:50.041',1),('fc6f6f1a-9193-4a43-9736-b4753ca0ac64','b2031e53c2ac5393471e279d580b7629a5003b95123df9c0584c6f4749667117','2024-04-15 03:11:00.956','20240415024050_course_price',NULL,NULL,'2024-04-15 03:11:00.880',1);
/*!40000 ALTER TABLE `_prisma_migrations` ENABLE KEYS */;
UNLOCK TABLES;

--
-- Dumping data for table `_views-relation`
--

LOCK TABLES `_views-relation` WRITE;
/*!40000 ALTER TABLE `_views-relation` DISABLE KEYS */;
/*!40000 ALTER TABLE `_views-relation` ENABLE KEYS */;
UNLOCK TABLES;
/*!40103 SET TIME_ZONE=@OLD_TIME_ZONE */;

/*!40101 SET SQL_MODE=@OLD_SQL_MODE */;
/*!40014 SET FOREIGN_KEY_CHECKS=@OLD_FOREIGN_KEY_CHECKS */;
/*!40014 SET UNIQUE_CHECKS=@OLD_UNIQUE_CHECKS */;
/*!40101 SET CHARACTER_SET_CLIENT=@OLD_CHARACTER_SET_CLIENT */;
/*!40101 SET CHARACTER_SET_RESULTS=@OLD_CHARACTER_SET_RESULTS */;
/*!40101 SET COLLATION_CONNECTION=@OLD_COLLATION_CONNECTION */;
/*!40111 SET SQL_NOTES=@OLD_SQL_NOTES */;

-- Dump completed on 2024-05-02 16:16:44
